{"cameraMode":{"drawMode":0,"name":"Shaded","section":"Shading Mode"},"sceneLighting":false,"audioPlay":false,"sceneViewState":{"m_AlwaysRefresh":false,"showFog":true,"showSkybox":false,"showFlares":true,"showImageEffects":true,"showParticleSystems":true,"showVisualEffectGraphs":true,"m_FxEnabled":true},"in2DMode":false,"pivot":{"x":5.929426193237305,"y":-6.378172397613525,"z":16.540246963500978},"rotation":{"x":0.16794022917747498,"y":-0.08074315637350083,"z":0.013801167719066143,"w":0.9824146628379822},"size":21.266000747680665,"orthographic":false}